Mensaje,Urgente,Fecha,Hora,Autor,Grupo
"Oye, ya subisteeee la tarea ğŸ“? Hoy es el Ãºltimo dÃ­a ğŸ˜± y la plataforma estÃ¡ fallando.",1,23/03/25,8:00,Cynthia,Team MaestrÃ­a
Profe acaba de decir que adelantÃ³ sin avisar ğŸ˜µ la entrega ğŸ˜¬ para maÃ±ana. Â¿Ya lo viste?,1,21/01/25,8:15,Cynthia,Team MaestrÃ­a
"No me carga el archivo ğŸ“ que mandaste tÃº jeje, Â¿puedes porfa reenviarlo ya porfa?",1,06/01/25,11:30,Walter,Team MaestrÃ­a
Â¿Tienes los datos ğŸ“Š del proyecto? Tenemos que presentar yaaa ğŸ˜¬ en 30 min.,1,14/02/25,16:45,Walter,Team MaestrÃ­a
"Se me borrÃ³ el cÃ³digo del modelo ese que hicimos, Â¿puedes porfa pasarme tu copia urgente?",1,25/03/25,8:00,Walter,Team MaestrÃ­a
Â¿Te conectas a la clase? Ya empezÃ³.,1,12/03/25,10:30,Cynthia,Team MaestrÃ­a
Hoy es la fecha lÃ­mite para inscribir el proyecto. Â¿Ya lo subiste?,1,24/02/25,15:45,Cynthia,Team MaestrÃ­a
"No me deja entrar a Teams, Â¿me ayudas a compartir pantalla?",1,25/02/25,13:15,Walter,Team MaestrÃ­a
"Tenemos que reorganizar la presentaciÃ³n, el profe ğŸ™„ acaba de cambiar las instrucciones.",1,04/03/25,12:30,Walter,Team MaestrÃ­a
"Â¡Ojo! El profe ğŸ™„ dijo que si no mandamos hoy el avance, baja puntos.",1,12/01/25,17:00,Cynthia,Team MaestrÃ­a
Â¿Sabes algo del cambio de aula? No encuentro al grupo.,1,05/02/25,17:30,Walter,Team MaestrÃ­a
"Voy en camino pero llegarÃ© tarde, Â¿puedes porfa avisar al maestro?",1,13/03/25,13:00,Cynthia,Team MaestrÃ­a
No encuentro el archivo ğŸ“ en el drive. Â¿Lo moviste tÃº?,1,27/01/25,19:15,Cynthia,Team MaestrÃ­a
Acaba de avisar el profe ğŸ™„ que va a revisar tarea ğŸ“ en clase.,1,05/01/25,22:30,Cynthia,Team MaestrÃ­a
Â¿TÃº hiciste la parte de visualizaciÃ³n? No aparece en el documento.,1,06/03/25,17:00,Cynthia,Team MaestrÃ­a
"Se cayÃ³ mi internet. Â¿Puedes grabar la sesiÃ³n, porfa?",1,27/01/25,22:45,Walter,Team MaestrÃ­a
"Ya entramos al salÃ³n, Â¿vas a venir o te conectas en lÃ­nea?",1,19/02/25,14:15,Cynthia,Team MaestrÃ­a
"Hay error en los datos ğŸ“Š que mandaron, Â¿tÃº los procesaste?",1,05/01/25,14:00,Cynthia,Team MaestrÃ­a
"Se cancelÃ³ el taller del sÃ¡bado, avÃ­sale a los demÃ¡s.",1,02/02/25,16:45,Cynthia,Team MaestrÃ­a
Â¿Puedes enviar el PDF antes de las 6? Es la hora de cierre.,1,13/03/25,14:45,Walter,Team MaestrÃ­a
Â¿Ya viste que cambiaron la fecha del coloquio? Ahora es en mayo.,0,02/02/25,19:30,Cynthia,Team MaestrÃ­a
"Cuando tengas tiempo, Ã©chale un ojo a las grÃ¡ficas que subÃ­.",0,10/03/25,12:00,Walter,Team MaestrÃ­a
Podemos revisar juntos el cÃ³digo maÃ±ana si quieres.,0,13/01/25,7:45,Walter,Team MaestrÃ­a
Te pasÃ© unas lecturas que nos podrÃ­an servir para el proyecto.,0,17/02/25,9:00,Cynthia,Team MaestrÃ­a
AvÃ­same si al final vas a ir al seminario de tesis.,0,22/01/25,20:45,Cynthia,Team MaestrÃ­a
PodrÃ­amos ir armando el documento desde esta semana.,0,16/01/25,8:15,Cynthia,Team MaestrÃ­a
Â¿TÃº quÃ© opinas de la materia nueva de Machine Learning?,0,11/02/25,10:15,Cynthia,Team MaestrÃ­a
"Si tienes tiempo, revÃ­sale el formato al Excel.",0,08/02/25,15:30,Walter,Team MaestrÃ­a
Â¿Ya pensaste en quÃ© tema vas a hacer tu tesis?,0,07/03/25,14:15,Walter,Team MaestrÃ­a
PÃ¡same tu user de GitHub cuando puedas.,0,22/01/25,14:15,Cynthia,Team MaestrÃ­a
Creo que estarÃ­a bien practicar la presentaciÃ³n el fin de semana.,0,17/02/25,21:30,Walter,Team MaestrÃ­a
"Te recomiendo ese profe ğŸ™„ para optativas, explica sÃºper bien.",0,15/01/25,19:15,Cynthia,Team MaestrÃ­a
"AÃºn no decido si inscribirme al congreso, Â¿tÃº vas?",0,17/02/25,8:15,Walter,Team MaestrÃ­a
"PodrÃ­amos hacer un grupo para esa materia, Â¿no?",0,27/02/25,9:15,Walter,Team MaestrÃ­a
"Vi que abrieron un curso extra, por si te interesa.",0,14/02/25,17:15,Walter,Team MaestrÃ­a
Â¿TÃº quÃ© horario escogiste para el siguiente trimestre?,0,25/03/25,14:30,Walter,Team MaestrÃ­a
"Si tienes chance, Ã©chale un ojo a mi avance.",0,23/03/25,18:15,Walter,Team MaestrÃ­a
Voy a trabajar en la parte de introducciÃ³n en la noche.,0,22/02/25,10:45,Cynthia,Team MaestrÃ­a
"Cuando tengas el resumen, mÃ¡ndamelo para unirlo.",0,02/01/25,9:15,Cynthia,Team MaestrÃ­a
Ya subieron las calificaciones de la materia pasada.,0,26/02/25,14:15,Cynthia,Team MaestrÃ­a
"Chicas, Â¿alguien puede recoger a mi hijo? Me atorÃ© en el trÃ¡fico y no llego a tiempo.",1,18/02/25,9:45,Mariana,MamÃ¡s
"Se nos olvidÃ³ mandar la cartulina roja para el proyecto, Â¿alguna mamÃ¡ tiene una?",1,22/01/25,9:30,Laura,MamÃ¡s
Â¿QuiÃ©nes van a asistir al festival de primavera?,0,20/03/25,9:30,Maestra Erika,MamÃ¡s
"Mi hija se siente mal, Â¿alguien puede decirle a la maestra? No tenemos su nÃºmero.",1,11/01/25,10:45,RocÃ­o,MamÃ¡s
La maestra pidiÃ³ materiales para maÃ±ana y apenas vi el mensaje. Â¿Alguien tiene foamy azul?,1,06/01/25,14:15,VerÃ³nica,MamÃ¡s
Â¿Alguien sabe si hubo cambio de salÃ³n? Mi hija dice que no encontrÃ³ al grupo.,1,09/03/25,18:45,MÃ³nica,MamÃ¡s
"Chicas, acaba de decir la maestra que el uniforme de maÃ±ana es el deportivo, Â¡ojo!",1,25/03/25,10:15,Mariana,MamÃ¡s
Â¿Alguien sabe si ya llegaron los niÃ±os del paseo? No me contesta la maestra.,1,12/01/25,8:15,RocÃ­o,MamÃ¡s
"Mi hijo olvidÃ³ su mochila, Â¿alguien que estÃ© aÃºn en la escuela puede avisar?",1,24/01/25,14:15,Claudia,MamÃ¡s
"Se cayÃ³ un niÃ±o en la entrada, Â¿alguien sabe si estÃ¡ bien?",1,28/03/25,14:15,RocÃ­o,MamÃ¡s
"Me equivoquÃ© de lonchera, Â¿alguien tiene la de Mateo?",1,25/01/25,8:45,MÃ³nica,MamÃ¡s
"EstÃ¡n pidiendo las autorizaciones para la salida, es para hoy mismo.",1,21/01/25,11:45,Maestra Erika,MamÃ¡s
Â¿QuiÃ©n tiene copia de las tarea ğŸ“s de hoy? Mi hija se sintiÃ³ mal y no fue.,1,14/02/25,7:30,Paty,MamÃ¡s
MaÃ±ana hay junta con direcciÃ³n por lo que los alumnos no tendrÃ¡n clase.,1,05/01/25,8:45,Maestra Erika,MamÃ¡s
"Se reportÃ³ un caso de varicela en el grupo, Â¿alguien mÃ¡s ha recibido aviso?",1,09/02/25,20:00,Tania,MamÃ¡s
"Me quedÃ© sin coche, Â¿alguien puede traer a Sofi a casa hoy?",1,28/01/25,14:30,Fabiola,MamÃ¡s
La maestra necesita las firmas para el permiso hoy antes de la salida.,1,27/02/25,19:30,Laura,MamÃ¡s
"Hubo un problema con el transporte escolar, Â¿alguien sabe algo?",1,24/03/25,21:45,Paty,MamÃ¡s
"EstÃ¡n cerrando calles cerca de la escuela, tomen precauciones.",1,19/01/25,18:30,Lupita,MamÃ¡s
Â¿Alguien puede pasar a dejar una chamarra? A Dani se le olvidÃ³ y hace frÃ­o.,1,21/03/25,21:30,VerÃ³nica,MamÃ¡s
Por favor no olviden enviar el permiso firmado hoy mismo.,1,21/01/25,9:30,Lupita,MamÃ¡s
"MaÃ±ana salimos mÃ¡s temprano por ensayo, pasen el aviso porfa.",1,26/01/25,20:15,Claudia,MamÃ¡s
"Buenos dÃ­as, porfa manden a sus niÃ±os con el uniforme correcto del dÃ­a.",0,27/01/25,19:45,Maestra Erika,MamÃ¡s
Â¿Ya estÃ¡n vendiendo los boletos para el festival?,0,28/03/25,12:45,Fabiola,MamÃ¡s
Â¿QuiÃ©n mÃ¡s va a llevar algo para el convivio del viernes?,0,13/02/25,10:00,Paty,MamÃ¡s
"Recuerden que el lunes es dÃ­a de colores, no uniforme.",0,02/03/25,19:00,RocÃ­o,MamÃ¡s
"Ya subieron las fotos del festival, Â¡estÃ¡n padrÃ­simas!",0,12/01/25,10:15,VerÃ³nica,MamÃ¡s
Â¿QuÃ© maestro les toca para inglÃ©s este trimestre?,0,27/02/25,8:45,VerÃ³nica,MamÃ¡s
Â¿Van a mandar cuaderno nuevo o seguimos con el mismo?,0,03/02/25,10:00,Claudia,MamÃ¡s
"El viernes les toca educaciÃ³n fÃ­sica, traigan el uniforme deportivo.",1,17/02/25,15:30,Maestra Erika,MamÃ¡s
Gracias a todas por el regalo que organizamos para la maestra ğŸ˜Š,0,20/03/25,21:30,RocÃ­o,MamÃ¡s
Â¿Alguien sabe cuÃ¡ndo entrega ğŸ˜¬n calificaciones?,0,04/03/25,20:30,RocÃ­o,MamÃ¡s
La tarea ğŸ“ se entrega ğŸ˜¬ maÃ±ana.,1,20/03/25,19:15,Maestra Erika,MamÃ¡s
Â¿Saben si ya regresaron del paseo del viernes pasado?,0,11/02/25,10:30,MÃ³nica,MamÃ¡s
Â¿Van a poner decoraciÃ³n para el salÃ³n en navidad?,0,21/03/25,14:45,Paty,MamÃ¡s
"La actividad de lectura fue muy linda, Â¡felicidades a los niÃ±os!",0,10/01/25,20:45,MÃ³nica,MamÃ¡s
"Recuerden que el viernes es sin tarea ğŸ“, dijo la maestra.",0,10/03/25,7:45,Paty,MamÃ¡s
Â¿Alguien sabe cuÃ¡ndo toca la vacuna contra la influenza en la escuela?,0,20/03/25,17:00,Tania,MamÃ¡s
"Hoy hubo cambio de menÃº en la cafeterÃ­a, por si alguien se lo pregunta.",0,26/03/25,14:00,Laura,MamÃ¡s
Â¿QuiÃ©n van a poner la cartelera del DÃ­a de la Madre?,0,04/01/25,9:30,Maestra Erika,MamÃ¡s
Se quedÃ³ una sudadera gris sin nombre en el salÃ³n.,0,28/01/25,15:15,Claudia,MamÃ¡s
Les paso el contacto de la mamÃ¡ que vende uniformes por si necesitan.,0,08/03/25,13:15,Lupita,MamÃ¡s
Â¿Van a hacer fiesta de fin de curso entre los niÃ±os?,0,24/01/25,17:30,VerÃ³nica,MamÃ¡s
MaÃ±ana pueden llevar su instrumento favorito.,0,21/02/25,13:45,Maestra Erika,MamÃ¡s
Â¿Alguien ya tiene los libros del siguiente trimestre?,0,18/01/25,20:45,VerÃ³nica,MamÃ¡s
Â¿QuÃ© colores pidiÃ³ la maestra para el dibujo de maÃ±ana?,0,14/03/25,13:15,Laura,MamÃ¡s
"Hubo ensayo, pero no todos traÃ­a uniforme correcto.",0,10/02/25,18:45,Maestra Erika,MamÃ¡s
"La maestra les puso una canciÃ³n para aprenderse, Â¿ya la escucharon?",0,11/02/25,8:45,Lupita,MamÃ¡s
Â¿CÃ³mo se llama la pÃ¡gina para tarea ğŸ“s en lÃ­nea?,0,03/01/25,12:30,Mariana,MamÃ¡s
"Gracias por los dulces del convivio, Â¡los niÃ±os felices!",0,16/02/25,20:30,Maestra Erika,MamÃ¡s
Â¿Van a hacer algo especial por el cumpleaÃ±os del maestro?,0,04/03/25,19:15,RocÃ­o,MamÃ¡s
Creo que ya subieron el calendario nuevo al portal.,0,15/03/25,7:30,Fabiola,MamÃ¡s
Les comparto una receta de lonche saludable que nos funcionÃ³ mucho.,0,15/03/25,12:15,Claudia,MamÃ¡s
Recuerden que el lunes es asueto.,1,13/01/25,9:30,Maestra Erika,MamÃ¡s
Â¿Alguien va a ir al bazar del sÃ¡bado en la escuela?,0,23/03/25,8:45,Paty,MamÃ¡s
Â¡QuÃ© bonito quedÃ³ el mural del salÃ³n!,0,11/01/25,12:00,Lupita,MamÃ¡s
Â¿Alguien tiene el horario completo de clases?,0,19/01/25,14:15,VerÃ³nica,MamÃ¡s
Hoy pasÃ© por la escuela y ya decoraron el patio.,0,01/03/25,15:45,Fabiola,MamÃ¡s
Â¿QuiÃ©n sabe si hay ensayo general antes del evento?,0,18/03/25,10:45,MÃ³nica,MamÃ¡s
"Pasen si pueden al grupo de reciclaje, estÃ¡n juntando papel.",0,02/03/25,9:00,Tania,MamÃ¡s
"Gracias por las fotos del festival, me encantaron.",0,09/01/25,14:15,Paty,MamÃ¡s
Â¡Feliz dÃ­a a todas las mamÃ¡s del grupo! â¤ï¸,0,03/02/25,7:15,Tania,MamÃ¡s
"Les comparto algunas fotos del ensayo de hoy, lo hicieron muy bien.",0,20/03/25,15:15,Maestra Erika,MamÃ¡s
Esta semana no habrÃ¡ tarea ğŸ“ el viernes por el evento del DÃ­a del NiÃ±o.,0,16/03/25,9:30,VerÃ³nica,MamÃ¡s
Â¿Alguien tiene el archivo final del reporte? Lo necesitamos para enviarlo ya.,1,06/02/25,18:42,Luis,Oficina
"Jefe, tenemos un problema con el servidor, no estÃ¡ respondiendo.",1,09/03/25,11:14,David,Oficina
Urgente: el cliente pidiÃ³ cambios antes de las 10 a.m.,1,21/01/25,13:15,David,Oficina
"Se cayÃ³ el sistema, Â¿alguien mÃ¡s lo estÃ¡ viendo?",1,10/03/25,8:01,Karen,Oficina
"Por favor, confirmen quiÃ©n puede entrar a la junta de las 9:00.",1,13/02/25,10:52,Luis,Oficina
"Acaban de pedir el avance del proyecto, lo quieren ya.",1,29/01/25,13:58,Karen,Oficina
"Se fue la luz en la oficina, Â¿alguien puede revisar si es general?",1,20/03/25,12:24,Luis,Oficina
El jefe estÃ¡ preguntando por los indicadores del mes. Â¿Alguien los tiene?,1,15/03/25,13:19,Luis,Oficina
Necesito la presentaciÃ³n actualizada Â¡ya! Ya vamos a entrar a la llamada.,1,28/03/25,10:17,Karen,Oficina
Â¿QuiÃ©n tiene el acceso al drive del cliente? Lo estÃ¡n pidiendo urgente.,1,10/01/25,10:24,BenjamÃ­n,Oficina
AtenciÃ³n: se adelantÃ³ la reuniÃ³n para dentro de 30 minutos.,1,18/01/25,11:19,Karen,Oficina
Â¿Alguien tiene el contacto de soporte? No carga el sistema.,1,31/01/25,8:10,Luis,Oficina
"Jefe, el proveedor cancelÃ³, necesitamos alternativa urgente.",1,12/01/25,17:38,Luis,Oficina
Urgente: el correo masivo saliÃ³ con error. Â¿Lo pueden detener?,1,04/02/25,18:22,David,Oficina
"Jefa, no llegÃ³ el material para la demo. Â¿QuÃ© hacemos?",1,01/01/25,12:04,BenjamÃ­n,Oficina
Â¿Alguien puede cubrir la llamada con el cliente en 15 min?,1,05/01/25,10:15,Luis,Oficina
"Acaba de hablar el director, nos estÃ¡ esperando en sala 3.",1,01/01/25,12:04,BenjamÃ­n,Oficina
Tuvimos un error en el Excel de entregables. Â¿QuiÃ©n lo puede revisar?,1,07/01/25,15:12,David,Oficina
Â¿DÃ³nde estÃ¡ el contrato? El cliente ya lo estÃ¡ pidiendo.,1,29/01/25,15:45,Luis,Oficina
AtenciÃ³n equipo: se cayÃ³ el sitio web. Ya lo reportÃ© pero es urgente.,1,16/01/25,16:13,Luis,Oficina
"No me deja entrar a la videollamada, Â¿alguien tiene otro enlace?",1,06/03/25,10:37,Karen,Oficina
Necesito que validen estos datos antes de las 11 sÃ­ o sÃ­.,1,10/03/25,18:10,David,Oficina
Se duplicaron los registros en la base de datos. Â¿Alguien mÃ¡s lo ve?,1,19/01/25,16:21,Luis,Oficina
"Jefa, me acaba de marcar el cliente molesto. Necesitamos respuesta ya.",1,22/02/25,15:24,David,Oficina
"Por favor revisen sus correos, hay cambios importantes.",1,16/02/25,15:26,Karen,Oficina
Â¿QuiÃ©n tiene el control del presupuesto? El jefe lo quiere ya.,1,12/03/25,18:39,BenjamÃ­n,Oficina
Me equivoquÃ© en la minuta que mandÃ©. Â¿Pueden borrar el mensaje?,1,23/03/25,17:41,David,Oficina
"Urgente: necesito respaldo del archivo, se me bloqueÃ³ la computadora.",1,11/01/25,13:34,BenjamÃ­n,Oficina
Acaban de llegar auditores a la oficina. Â¿Alguien sabÃ­a?,1,22/01/25,18:00,David,Oficina
AtenciÃ³n: suspendieron el evento de hoy. Avisen a todos.,1,30/01/25,13:49,BenjamÃ­n,Oficina
"El archivo que mandamos estÃ¡ daÃ±ado, Â¿quiÃ©n tiene el original?",1,20/01/25,13:19,Karen,Oficina
Â¿Pueden subir el informe de resultados? Estamos contra el tiempo.,1,17/02/25,10:46,David,Oficina
Nos estÃ¡n pidiendo el reporte financiero en 20 min.,1,08/02/25,14:10,BenjamÃ­n,Oficina
Â¿Alguien ya estÃ¡ en sala de juntas? El jefe no encuentra a nadie.,1,05/03/25,16:12,David,Oficina
Cambio de sala urgente: ahora es en piso 4.,1,21/02/25,14:04,David,Oficina
AtenciÃ³n: cambiÃ³ la hora de entrega. Ahora es a las 2 p.m.,1,14/03/25,9:57,Karen,Oficina
Nos estÃ¡n pidiendo los dashboards ya actualizados.,1,25/02/25,18:51,David,Oficina
"Cancelaron la reuniÃ³n de maÃ±ana, pero quieren avances por correo hoy.",1,01/01/25,16:10,BenjamÃ­n,Oficina
Necesitamos confirmar quiÃ©n va al evento sÃ­ o sÃ­ ahora.,1,05/02/25,13:44,Karen,Oficina
"Se desconectÃ³ el VPN, Â¿alguien tiene otra forma de ingresar?",1,28/02/25,10:58,Luis,Oficina
"Revisen por favor la presentaciÃ³n, hubo un error de Ãºltimo minuto.",1,20/02/25,12:05,Karen,Oficina
Nos reprogramaron la junta para dentro de 15 min.,1,31/01/25,17:30,BenjamÃ­n,Oficina
Â¡No olviden firmar el acta antes de las 5!,1,03/03/25,12:22,Luis,Oficina
El jefe estÃ¡ molesto porque no se entregaron los reportes hoy.,1,24/01/25,17:50,Luis,Oficina
"Acaba de cambiar el deadline, es hoy a medianoche.",1,06/03/25,10:39,Karen,Oficina
"Por favor activen sus cÃ¡maras, ya estÃ¡ el cliente en la llamada.",1,08/03/25,11:50,Luis,Oficina
Urge que alguien firme el documento para poder enviarlo.,1,16/03/25,9:34,Luis,Oficina
"El sistema de facturaciÃ³n se cayÃ³, Â¿alguien puede reportarlo?",1,07/01/25,17:50,Karen,Oficina
Nos piden enviar los resultados antes de que termine el dÃ­a.,1,10/01/25,17:41,Karen,Oficina
AtenciÃ³n: acaban de cambiar las credenciales de acceso.,1,10/01/25,12:35,Karen,Oficina
"Buen dÃ­a a todos, feliz jueves ğŸ˜Š",0,28/03/25,16:02,Luis,Oficina
Â¿Alguien sabe si el cafÃ© ya estÃ¡ listo en la sala?,0,16/02/25,11:43,BenjamÃ­n,Oficina
Les dejo el meme del dÃ­a para alegrar la maÃ±ana ğŸ˜‚,0,31/03/25,18:04,BenjamÃ­n,Oficina
Â¿QuiÃ©n quiere pastel? Traje por mi cumple ğŸ‚,0,28/01/25,16:36,David,Oficina
"Jefe, Â¿puedo salir un poco antes hoy?",0,28/01/25,9:52,Luis,Oficina
Â¿Ya vieron el nuevo diseÃ±o del logo? EstÃ¡ padre.,0,27/01/25,11:18,David,Oficina
Les paso el link del after de ayer por si quieren ver las fotos.,0,28/01/25,18:54,Luis,Oficina
Â¿QuÃ© opinan si pedimos pizza el viernes?,0,18/01/25,16:42,BenjamÃ­n,Oficina
"Hoy hay fruta en la cocina, por si gustan.",0,17/02/25,11:11,Luis,Oficina
Â¿Alguien sabe si ya depositaron la quincena?,0,17/03/25,11:18,David,Oficina
Vamos a tomarnos una foto de equipo maÃ±ana.,0,19/02/25,17:03,Karen,Oficina
Â¿Alguien mÃ¡s estÃ¡ viendo la serie de moda?,0,12/01/25,16:51,BenjamÃ­n,Oficina
Â¿Puedo cambiar mi lugar con alguien? Me pega el aire.,0,16/01/25,18:42,David,Oficina
"Ayer soÃ±Ã© que se caÃ­a el sistema otra vez, jaja.",0,11/01/25,11:02,Luis,Oficina
Les dejÃ© dulces en la mesa de siempre.,0,22/03/25,14:59,David,Oficina
Â¿QuiÃ©n va a la posada este aÃ±o?,0,02/03/25,15:53,Karen,Oficina
"Jefe, le mandÃ© un meme por inbox ğŸ˜„",0,15/02/25,9:29,David,Oficina
"Hoy toca comida china, Â¿quiÃ©n quiere?",0,10/03/25,10:00,Luis,Oficina
Â¿Ya tienen planeadas las vacaciones?,0,10/01/25,17:08,Karen,Oficina
"El clima estÃ¡ con madre hoy, Â¿no?",0,18/03/25,17:38,Luis,Oficina
"Jefa, Â¿cÃ³mo le fue en el curso de liderazgo?",0,08/01/25,14:19,Luis,Oficina
Aviso: maÃ±ana viene la de los tamales ğŸ«”,0,18/02/25,18:02,David,Oficina
Â¿Alguien sabe si va a llover hoy?,0,26/02/25,17:55,David,Oficina
"Ya cambiaron el microondas, por si no lo han visto.",0,09/03/25,13:08,David,Oficina
Les comparto este artÃ­culo que me gustÃ³ mucho.,0,16/03/25,16:29,Karen,Oficina
Â¿Alguien tiene un cargador de iPhone?,0,02/02/25,18:51,David,Oficina
Â¿Podemos hacer intercambio este aÃ±o?,0,02/01/25,18:33,David,Oficina
Â¿Ya llegÃ³ el paquete de Amazon?,0,19/01/25,13:24,David,Oficina
Â¿A quÃ© hora salimos hoy?,0,07/03/25,9:11,Karen,Oficina
Les quedÃ³ muy bien la presentaciÃ³n ğŸ‘,0,19/02/25,15:10,David,Oficina
Â¿Pueden pasar el link del restaurante de ayer?,0,23/03/25,9:42,David,Oficina
Buen fin de semana a todos âœ¨,0,21/01/25,13:03,BenjamÃ­n,Oficina
Â¿Hay alguien en la oficina para firmar unos papeles?,0,04/03/25,17:02,BenjamÃ­n,Oficina
"El aire acondicionado estÃ¡ muy fuerte, Â¿lo bajamos?",0,29/03/25,17:25,Luis,Oficina
Me encantÃ³ la playlist de hoy.,0,31/03/25,11:25,David,Oficina
Â¿QuiÃ©n quiere organizar la fiesta del viernes?,0,13/01/25,14:36,Karen,Oficina
Hay panecitos en la sala de juntas ğŸ˜‹,0,17/03/25,12:23,Luis,Oficina
Subieron el meme del jefe otra vez jaja,0,26/02/25,10:45,Karen,Oficina
Traje cafecito por si quieren servirse.,0,18/01/25,16:35,David,Oficina
Â¿Alguien vio mis lentes? Los dejÃ© en la sala.,0,15/03/25,12:24,David,Oficina
La planta de la entrada ya reviviÃ³ ğŸŒ¿,0,04/01/25,15:17,Karen,Oficina
Â¿Nos tomamos 5 para un cafecito?,0,18/01/25,9:08,David,Oficina
Hoy cumplo 3 aÃ±os en la empresa ğŸ¥³,0,12/01/25,12:40,David,Oficina
El elevador estÃ¡ muy lento hoy.,0,18/02/25,13:59,Luis,Oficina
"Â¡Feliz cumpleaÃ±os, Dani! ğŸ‰",0,08/01/25,9:57,David,Oficina
"Traje stickers para las laptops, agarren los que quieran.",0,24/01/25,11:25,BenjamÃ­n,Oficina
"Me encantÃ³ el taller de ayer, muy Ãºtil.",0,25/03/25,14:53,BenjamÃ­n,Oficina
Â¿Hacemos un desayuno navideÃ±o?,0,11/02/25,16:43,David,Oficina
Â¿QuiÃ©n trae coche hoy? Voy con ustedes.,0,09/03/25,17:37,Karen,Oficina
"Estoy escuchando mÃºsica mientras trabajo, les paso la playlist ğŸ¶",0,20/03/25,13:22,BenjamÃ­n,Oficina
"Â¡Chicas, necesito ayuda urgente con el vestido! No me cierra ğŸ˜­",1,25/03/25,16:16,Diana,Amigas
Â¿Alguien me puede marcar? Me pasÃ³ algo y no puedo escribir.,1,27/01/25,8:59,Alice,Amigas
"PerdÃ­ mi cartera, no sÃ© quÃ© hacer ğŸ˜¢",1,12/03/25,10:20,Diana,Amigas
Â¿Alguien tiene el nÃºmero de Ale? Es urgente.,1,06/02/25,17:07,Diana,Amigas
"Me peleÃ© con mi mamÃ¡, necesito hablar con alguien ya.",1,30/03/25,8:57,Bety,Amigas
"Se me cancelÃ³ el vuelo, Â¿me pueden ayudar a buscar otro?",1,10/03/25,14:49,Faby,Amigas
"Me siento sÃºper mal, Â¿pueden venir?",1,17/01/25,12:16,Diana,Amigas
Â¡Auxilio! Me quedÃ© sin gasolina y estoy sola.,1,09/01/25,12:33,Faby,Amigas
"Chicas, no encuentro a mi perrito ğŸ˜­",1,19/03/25,10:16,Diana,Amigas
Â¿Alguien estÃ¡ despierta? Me pasÃ³ algo feo.,1,07/02/25,8:38,Bety,Amigas
"Â¡Fer, tu ex acaba de llegar a la fiesta! Â¿QuÃ© hago?",1,02/02/25,16:59,Diana,Amigas
"Me robaron el cel, estoy en la compu, Â¿me ayudan?",1,21/02/25,18:03,Bety,Amigas
Â¿QuiÃ©n puede acompaÃ±arme al hospital? No quiero ir sola.,1,08/03/25,16:37,Bety,Amigas
"Tengo entrevista maÃ±ana y no tengo quÃ© ponerme, Â¡socorro!",1,28/01/25,9:12,Alice,Amigas
"Ana, te marquÃ© mil veces, contÃ©stame por fa.",1,19/03/25,10:56,Alice,Amigas
Â¡Me caÃ­ en la calle! Â¿Alguien puede venir por mÃ­?,1,06/02/25,9:29,Bety,Amigas
"Tengo ataque de ansiedad, Â¿me llaman porfa?",1,20/01/25,9:40,Diana,Amigas
No encuentro las llaves del carro y tengo que salir YA.,1,16/02/25,8:51,Bety,Amigas
Â¿QuiÃ©n me puede prestar dinero? No me deja pagar la app.,1,17/01/25,14:08,Diana,Amigas
Â¡Se me pasÃ³ el pago del depa! Â¿QuÃ© hago?,1,08/02/25,8:23,Alice,Amigas
Me quedÃ© encerrada en el baÃ±o ğŸ˜©,1,10/03/25,18:13,Alice,Amigas
"Se cancelÃ³ el evento de hoy, Â¿avisamos a las demÃ¡s?",1,10/03/25,10:02,Faby,Amigas
"Â¡Sofi, tu gato estÃ¡ afuera de tu depa!",1,26/02/25,12:33,Diana,Amigas
"Vale, Â¿puedes porfa venir por mÃ­? No hay Ubers.",1,11/03/25,10:53,Diana,Amigas
"Chicas, necesito ayuda con una decisiÃ³n muy importante.",1,21/01/25,10:52,Alice,Amigas
"Tengo dolor de panza horrible, creo que debo ir al doctor.",1,19/02/25,11:09,Diana,Amigas
No me siento segura en este lugar. Â¿Pueden llamarme?,1,09/02/25,10:27,Bety,Amigas
Â¿Alguien tiene un cargador extra? Mi cel muriÃ³.,1,12/02/25,9:37,Faby,Amigas
Â¡Me quedÃ© sin luz! Â¿DÃ³nde estÃ¡n las velas?,1,12/02/25,14:35,Diana,Amigas
"Se me olvidÃ³ la tarea ğŸ“ del curso, Â¿alguien la tiene?",1,15/02/25,8:51,Diana,Amigas
No me baja y estoy asustada ğŸ˜Ÿ,1,30/03/25,8:14,Alice,Amigas
"Me dejaron plantada, Â¿quiÃ©n me acompaÃ±a a casa?",1,19/02/25,18:49,Alice,Amigas
"Se me descompuso el coche, estoy en la carretera.",1,18/01/25,14:43,Faby,Amigas
"Tengo que salir corriendo, me llamaron de urgencias.",1,06/02/25,17:36,Faby,Amigas
"Chicas, hay un tipo siguiÃ©ndome. Â¿Me marcan?",1,23/01/25,12:21,Bety,Amigas
"Me dejaron en visto en el trabajo, Â¿quÃ© respondo?",1,22/02/25,16:40,Faby,Amigas
Tengo que decidir hoy si acepto la chamba ğŸ˜¬,1,06/02/25,15:35,Alice,Amigas
Estoy a punto de llorar en el sÃºper. Â¿Alguien libre?,1,13/01/25,10:07,Bety,Amigas
Me pasÃ³ algo muy feo con mi ex. Â¿Hablamos?,1,01/03/25,12:16,Diana,Amigas
"No voy a llegar a la cita, Â¿pueden cubrirme?",1,16/03/25,9:14,Alice,Amigas
Â¡URGENTE! Â¿QuiÃ©n tiene mi cargador portÃ¡til?,1,10/01/25,15:25,Faby,Amigas
No prende la compu y tengo entrega ğŸ˜¬ hoy.,1,23/01/25,16:25,Alice,Amigas
Mi roomie no llega y tengo miedo.,1,02/03/25,17:59,Bety,Amigas
"Me enfermÃ© horrible, Â¿pueden venir?",1,09/01/25,9:12,Diana,Amigas
"Me cortaron el internet, y tengo junta.",1,08/01/25,14:45,Diana,Amigas
Â¿Alguien puede subir a mi depa a ver si cerrÃ© el gas?,1,20/02/25,16:39,Faby,Amigas
"Â¡Chicas, necesito ayuda para empacar! Me mudo hoy.",1,18/01/25,10:39,Faby,Amigas
"Me quedÃ© dormida, Â¡ya voy sÃºper tarde!",1,23/02/25,12:48,Alice,Amigas
"No puedo abrir la puerta, estÃ¡ trabada.",1,22/03/25,10:10,Faby,Amigas
"Me equivoquÃ© de cita, Â¿quiÃ©n me cubre por fa?",1,09/02/25,17:28,Bety,Amigas
Â¿Alguien quiere brunch el domingo? ğŸ¥,0,29/01/25,9:15,Alice,Amigas
"Vean esta receta de pasta, se ve deli.",0,21/02/25,18:36,Alice,Amigas
Â¡Nuevo capÃ­tulo de nuestra serie fav!,0,08/01/25,12:49,Faby,Amigas
Hoy soÃ±Ã© con ustedes jaja ğŸ˜‚,0,28/03/25,10:20,Diana,Amigas
Â¿Hacemos noche de pelis maÃ±ana?,0,10/01/25,17:17,Diana,Amigas
"Me hice las uÃ±as, Â¿quieren ver? ğŸ’…",0,11/01/25,12:38,Alice,Amigas
"Chisme time, Â¿quiÃ©n estÃ¡ libre?",0,13/01/25,13:55,Bety,Amigas
Les paso un TikTok que me hizo reÃ­r mil.,0,11/01/25,15:37,Alice,Amigas
Â¡Quiero ir a la playa! Â¿CuÃ¡ndo armamos?,0,07/02/25,18:44,Faby,Amigas
"CafÃ© pronto, Â¿sÃ­ o sÃ­? â˜•",0,17/01/25,10:27,Alice,Amigas
"Sofi, te extraÃ±o ğŸ’•",0,24/01/25,10:21,Alice,Amigas
Tengo una idea para el prÃ³ximo viaje ğŸ‘€,0,06/03/25,17:20,Diana,Amigas
Â¿Se acuerdan de Paco? Me escribiÃ³ ğŸ™„,0,09/03/25,18:51,Faby,Amigas
Les dejo fotos del perrito que vi hoy ğŸ¶,0,28/02/25,13:02,Diana,Amigas
"Fer, ese vestido te queda brutal ğŸ”¥",0,11/03/25,16:43,Bety,Amigas
Â¡Ya es viernes! Â¿Plan o pijamada?,0,31/03/25,8:02,Faby,Amigas
Â¿Alguien mÃ¡s llorÃ³ con el final de la serie?,0,02/01/25,9:21,Alice,Amigas
"Vale, te ves preciosa en tus stories ğŸ˜",0,25/01/25,14:26,Bety,Amigas
Tengo antojo de donas ğŸ©,0,18/03/25,11:24,Alice,Amigas
"Chicas, me pintÃ© el pelo ğŸ˜±",0,16/01/25,10:04,Faby,Amigas
Quiero chismear pero no tengo nada jajaja,0,07/01/25,11:15,Faby,Amigas
Â¿QuiÃ©n viene hoy al gym conmigo?,0,14/01/25,11:36,Diana,Amigas
Â¡Desayunito en mi depa maÃ±ana!,0,08/01/25,17:08,Diana,Amigas
"Les dejo este reel, me representa jaja",0,22/02/25,16:42,Bety,Amigas
Â¿Pintamos juntas el finde?,0,28/01/25,10:04,Faby,Amigas
"ComprÃ© velas nuevas, huelen riquÃ­simo.",0,05/03/25,9:38,Diana,Amigas
"Ana, te debo tu tupper, perdÃ³n ğŸ˜…",0,08/01/25,8:10,Faby,Amigas
"Estoy aburrida, Â¿quÃ© hacen?",0,11/02/25,17:00,Alice,Amigas
Ya puse Ã¡rbol de Navidad ğŸ„,0,15/02/25,9:11,Faby,Amigas
Â¿Me ayudan a escoger outfit para hoy?,0,29/01/25,17:53,Alice,Amigas
"Vale, Â¿puedo robarte ese top tuyo?",0,09/02/25,8:33,Diana,Amigas
Plan de karaoke pendiente ğŸ¤,0,06/01/25,14:15,Bety,Amigas
"Chicas, me acabo de acordar de la peda de hace un aÃ±o ğŸ˜‚",0,13/01/25,17:14,Alice,Amigas
Â¡Ya quiero que sea viernes!,0,08/02/25,12:00,Alice,Amigas
Mi perrita se durmiÃ³ en mi mochila ğŸ¥¹,0,29/01/25,15:19,Faby,Amigas
"Fer, Â¿a quÃ© hora llegas?",0,13/03/25,16:12,Alice,Amigas
"Hoy me puse feliz sin razÃ³n, solo querÃ­a decirles ğŸ’–",0,25/01/25,11:14,Bety,Amigas
"No tengo nada importante que decir, solo hola ğŸ˜„",0,18/02/25,10:12,Faby,Amigas
"Sofi, Â¿me ayudas con una receta?",0,25/03/25,8:03,Diana,Amigas
Acabo de ver a un tipo igualito a Harry Styles ğŸ˜,0,21/03/25,9:21,Alice,Amigas
Â¿Juntamos cosas para donar este mes?,0,19/01/25,13:05,Faby,Amigas
ExtraÃ±o nuestras plÃ¡ticas nocturnas ğŸŒ™,0,08/02/25,14:01,Alice,Amigas
Les paso la playlist nueva que armÃ© ğŸ¶,0,25/03/25,9:34,Diana,Amigas
"Ya probÃ© ese nuevo cafÃ© del centro, estÃ¡ top.",0,09/03/25,18:45,Alice,Amigas
"Vale, ese filtro de IG que usaste estÃ¡ padrÃ­simo.",0,03/03/25,15:05,Alice,Amigas
Â¿Arreglamos el picnic del prÃ³ximo finde?,0,02/01/25,11:49,Diana,Amigas
Hoy toca skincare y vino ğŸ·,0,24/03/25,14:16,Bety,Amigas
"Ana, Â¿puedo usar tus aretes maÃ±ana?",0,28/03/25,9:15,Bety,Amigas
"Voy a hacer galletas, Â¿quieren?",0,31/03/25,18:16,Diana,Amigas
Â¿QuiÃ©n me acompaÃ±a al tianguis el sÃ¡bado?,0,12/02/25,13:32,Diana,Amigas
"Srta Dora ğŸ˜Ÿ no voy a poder ir hoy, me siento bien mal del estÃ³mago ğŸ’Š",1,06/03/25,8:31,SeÃ±ora Lupita,
Disculpe que le escriba tan temprano ğŸ™ pero se metiÃ³ agua en la cocina ğŸ’¦,1,20/02/25,18:12,SeÃ±ora Lupita,
Ya estoy aquÃ­ pero no abre la llave ğŸ”‘ cambiÃ³ la chapa?,1,17/02/25,7:17,SeÃ±ora Lupita,
Huele raro en el cuarto de lavado ğŸ˜¬ serÃ¡ gas? ğŸ˜°,1,20/01/25,16:55,SeÃ±ora Lupita,
"Ups, rompÃ­ un vaso grande ğŸ˜£ dÃ³nde dejo los pedacitos? ğŸ§¹",1,13/03/25,14:05,SeÃ±ora Lupita,
Se fue la luz en toda la casa âš¡ sabe si pasÃ³ algo en la colonia?,1,14/03/25,9:19,SeÃ±ora Lupita,
No encuentro al perrito ğŸ¶ ya busquÃ© por todos lados ğŸ˜Ÿ,1,10/03/25,8:02,SeÃ±ora Lupita,
Me caÃ­ en las escaleras ğŸ˜¢ creo que me doblÃ© el tobillo ğŸ¦¶,1,20/02/25,13:50,SeÃ±ora Lupita,
Ya terminÃ© pero no da gas la estufa ğŸ˜• sabe si hay que moverle algo?,1,18/01/25,16:08,SeÃ±ora Lupita,
Una ventana estaba abierta cuando lleguÃ© ğŸ˜³ la cierro o asÃ­ la dejÃ³?,1,16/01/25,17:49,SeÃ±ora Lupita,
Ya lleguÃ© ğŸ˜Š en 10 min empiezo ğŸ§½,0,18/01/25,16:40,SeÃ±ora Lupita,
Â¿Lavo tambiÃ©n las cobijas o solo la ropa? ğŸ§º,0,11/01/25,18:08,SeÃ±ora Lupita,
Hoy me traje lonche ğŸ² no se preocupe por mÃ­,0,28/01/25,7:19,SeÃ±ora Lupita,
Â¿Puedo usar el limpiador nuevo que dejÃ³? ğŸ§¼,0,06/01/25,16:23,SeÃ±ora Lupita,
Vi muchas hojas en el patio ğŸ‚ quiere que las junte hoy?,0,23/03/25,14:57,SeÃ±ora Lupita,
No encontrÃ© el trapeador viejo ğŸ˜… usÃ© el nuevo,0,12/02/25,8:03,SeÃ±ora Lupita,
TerminÃ© la cocina ğŸ½ï¸ sigo con los cuartos ğŸ›ï¸,0,06/01/25,8:22,SeÃ±ora Lupita,
Me sobraron bolsas negras ğŸ›ï¸ las guardo o las dejo afuera?,0,23/02/25,13:12,SeÃ±ora Lupita,
Se me cayÃ³ poquito jabÃ³n en el pasillo ğŸ˜¬ ya limpiÃ©,0,25/02/25,12:35,SeÃ±ora Lupita,
Â¿DÃ³nde dejo la ropa doblada? ğŸ§¦ en la cama o en el clÃ³set?,0,04/01/25,18:43,SeÃ±ora Lupita,
Vi unos frascos vacÃ­os en la alacena ğŸ«™ los tiro?,0,13/03/25,12:45,SeÃ±ora Lupita,
Â¿Quiere que limpie el refri por dentro? â„ï¸,0,21/01/25,12:08,SeÃ±ora Lupita,
El baÃ±o de abajo ya quedÃ³ ğŸš½ ahora voy al de arriba ğŸ§¼,0,14/02/25,16:03,SeÃ±ora Lupita,
Hoy no alcancÃ© a trapear el cuarto de visitas ğŸ§¹ maÃ±ana lo hago,0,14/02/25,13:54,SeÃ±ora Lupita,
Faltan bolsas para el baÃ±o chico ğŸ˜• tomo del paquete nuevo?,0,12/03/25,15:50,SeÃ±ora Lupita,
Ya puse la ropa a secar ğŸ‘• va a tardar un ratito,0,08/01/25,17:25,SeÃ±ora Lupita,
Hay polvo arriba del librero ğŸ“š quiere que lo limpie?,0,31/03/25,17:45,SeÃ±ora Lupita,
Â¿Puedo abrir las ventanas un rato? ğŸŒ¬ï¸,0,06/02/25,7:47,SeÃ±ora Lupita,
Hoy me voy un poquito antes â° ya casi terminÃ©,0,14/01/25,14:43,SeÃ±ora Lupita,
La escoba ya se estÃ¡ despegando ğŸ˜… tiene otra?,0,22/01/25,18:01,SeÃ±ora Lupita,
GuardÃ© los trastes ya secos ğŸ½ï¸,0,25/01/25,12:18,SeÃ±ora Lupita,
Una mancha no saliÃ³ con el normal ğŸ˜ uso el fuerte?,0,17/02/25,9:10,SeÃ±ora Lupita,
No me dio tiempo de barrer afuera ğŸšª maÃ±ana lo dejo bien,0,24/01/25,15:34,SeÃ±ora Lupita,
Â¿Le saco brillo a los muebles hoy o la prÃ³xima? ğŸª‘,0,02/02/25,16:58,SeÃ±ora Lupita,
UsÃ© el suavizante que me dijo la vez pasada ğŸ«§,0,20/02/25,13:51,SeÃ±ora Lupita,
EncontrÃ© un botÃ³n bajo el sillÃ³n ğŸª¡ lo dejÃ© en la mesa,0,01/01/25,15:16,SeÃ±ora Lupita,
Â¿Le quito etiquetas a la ropa nueva? ğŸ‘•,0,11/01/25,12:17,SeÃ±ora Lupita,
LimpiÃ© el microondas por dentro tambiÃ©n ğŸ’ª,0,19/01/25,11:38,SeÃ±ora Lupita,
La lavadora hizo un ruidito raro ğŸ˜¬ pero siguiÃ³,0,02/01/25,12:37,SeÃ±ora Lupita,
DejÃ© la puerta trasera con seguro como siempre ğŸ”’,0,17/01/25,12:18,SeÃ±ora Lupita,
Dude!!! ğŸ˜° se me ponchÃ³ la llanta!! voy tarde ğŸ˜­,1,20/03/25,12:42,Hermana,
Oye me siento super mal ğŸ˜“ creo que me va a dar fiebre,1,20/01/25,17:12,Hermana,
Â¿Puedes llamarme? Es urgente ğŸ˜Ÿ no sÃ© quÃ© hacer con el seguro,1,24/02/25,8:23,Hermana,
No encuentro mi cartera ğŸ˜© ya busquÃ© en todos lados,1,29/01/25,10:49,Hermana,
OlvidÃ© las llaves ğŸ˜« estÃ¡s en casa?,1,18/03/25,8:43,Hermana,
Se fue la luz y estaba usando la compu ğŸ˜¤ se apagÃ³ todo,1,08/03/25,17:07,Hermana,
La perrita vomitÃ³ ğŸ˜¢ no sÃ© si fue algo que comiÃ³,1,20/02/25,9:15,Hermana,
No puedo entrar al correo ğŸ˜  me urge mandar un archivo ğŸ“,1,25/03/25,17:41,Hermana,
Mi cel no carga ğŸ˜« y tengo 3% Â¿puedes porfa traerme tu cargador?,1,28/01/25,9:49,Hermana,
Estoy en el sÃºper y olvidÃ© la tarjeta ğŸ˜… me la pasas por transferencia?,1,04/03/25,14:07,Hermana,
Te dejÃ© cafÃ© hecho â˜• por si quieres en la maÃ±ana,0,17/01/25,12:15,Hermana,
Me encontrÃ© la sudadera que te gusta ğŸ‘š te la llevas hoy?,0,30/01/25,11:04,Hermana,
Hay galletas en la alacena ğŸª no te las acabes todas eh ğŸ˜†,0,12/01/25,15:03,Hermana,
Â¿Quieres que pase por ti mÃ¡s tarde? ğŸš—,0,08/02/25,18:32,Hermana,
Tqm ğŸ’• nomÃ¡s pasaba a decir eso jeje,0,16/01/25,8:11,Hermana,
Â¿Viste el meme que te mandÃ©? ğŸ˜‚ estÃ¡ buenÃ­simo,0,12/03/25,18:04,Hermana,
Hoy toca Netflix y cobijita ğŸ›‹ï¸ğŸ¬ te unes?,0,23/02/25,9:48,Hermana,
EncontrÃ© tu libro debajo del sillÃ³n ğŸ“–,0,22/01/25,14:47,Hermana,
Â¿Te acuerdas de esa canciÃ³n viejita? La traigo pegada ğŸ¶,0,11/02/25,12:15,Hermana,
Estoy antojada de algo dulce ğŸ« tienes?,0,25/03/25,8:12,Hermana,
Voy a hacer pasta ğŸ quieres?,0,30/03/25,11:01,Hermana,
"Estoy en el Oxxo, te traigo algo? ğŸ›ï¸",0,16/03/25,14:48,Hermana,
Mi compu se trabÃ³ otra vez ğŸ˜¤ pero ya la reiniciÃ©,0,01/01/25,15:19,Hermana,
Adivina quiÃ©n me hablÃ³ ğŸ˜®,0,11/03/25,17:21,Hermana,
Hay cereal nuevo en la cocina ğŸ¥£ estÃ¡ rico!,0,18/01/25,12:44,Hermana,
Â¿Te ayudo con tus tarea ğŸ“s? ğŸ“š tengo tiempito,0,19/03/25,15:22,Hermana,
Vi una blusa que se parece a la tuya ğŸ‘— la tienes en otro color?,0,18/01/25,10:22,Hermana,
Â¿Nos tomamos un cafÃ© en la tarde? â˜•,0,02/03/25,17:03,Hermana,
Â¿QuÃ© pelÃ­cula vemos hoy? ğŸ¿,0,02/01/25,14:34,Hermana,
Hoy toca limpieza ğŸ˜© pero con mÃºsica se hace leve ğŸ§,0,16/01/25,9:05,Hermana,
Estoy editando fotos ğŸ“¸ luego te enseÃ±o,0,08/02/25,10:12,Hermana,
Vi una receta buenÃ­sima ğŸ˜ la intentamos?,0,07/01/25,7:09,Hermana,
Hoy ando de buenas ğŸ˜„ vamos por un helado?,0,10/03/25,12:58,Hermana,
Â¿Te acuerdas del jueguito de cuando Ã©ramos niÃ±as? ğŸ®,0,09/01/25,10:20,Hermana,
No se te olvide apagar el foco del baÃ±o ğŸ’¡,0,12/02/25,14:24,Hermana,
Tu cargador estaba en mi cuarto ğŸ”Œ lo dejÃ© en la mesa,0,28/03/25,14:43,Hermana,
Te dejÃ© una notita en tu mochila ğŸ“,0,24/01/25,10:27,Hermana,
Hoy despertÃ© con ganas de cantar jaja ğŸ¤,0,09/02/25,10:11,Hermana,
Estoy haciendo brownies ğŸ§ te guardo uno?,0,05/01/25,10:36,Hermana,
Te quiero muchoooo ğŸ’– nomÃ¡s pa que sepas,0,23/03/25,10:23,Hermana,
"Hijita, se me quedÃ³ la camioneta sin baterÃ­a ğŸ˜© Â¿puedes porfa venir?",1,08/01/25,13:01,PapÃ¡,
No prende el boiler ğŸ˜Ÿ y necesito baÃ±arme ya,1,24/02/25,17:27,PapÃ¡,
Se me olvidÃ³ mi cartera en casa ğŸ˜« Â¿me la puedes traer?,1,03/01/25,18:03,PapÃ¡,
Me siento un poco mareado ğŸ˜“ voy a sentarme un rato,1,20/02/25,8:29,PapÃ¡,
Â¿DÃ³nde dejaste el control de la cochera? ğŸš— no lo encuentro,1,05/01/25,15:24,PapÃ¡,
Hay un ruido raro en el carro ğŸ˜• voy a llevarlo al mecÃ¡nico,1,17/01/25,13:44,PapÃ¡,
"No estÃ¡ prendiendo la tele, ya revisÃ© todo ğŸ˜ ",1,11/01/25,15:06,PapÃ¡,
Â¿Tienes la pÃ³liza del seguro? Me la estÃ¡n pidiendo urgente ğŸ§¾,1,03/03/25,18:32,PapÃ¡,
El recibo de la luz vence hoy ğŸ˜¬ ya no alcancÃ© a pagarlo,1,09/01/25,16:59,PapÃ¡,
Voy tarde al trabajo y no encuentro mis llaves ğŸ˜£,1,21/01/25,11:26,PapÃ¡,
Ya lavÃ© el carro ğŸš™ quedÃ³ bien limpiecito,0,18/01/25,16:57,PapÃ¡,
Puse gasolina en tu coche â›½,0,10/01/25,7:37,PapÃ¡,
Te dejÃ© dinero para el sÃºper ğŸ’µ,0,01/03/25,17:16,PapÃ¡,
Â¿Quieres que pase por ti en la tarde? ğŸš˜,0,29/01/25,8:25,PapÃ¡,
Fui por tortillas ğŸŒ® ya estÃ¡n en la mesa,0,07/03/25,11:21,PapÃ¡,
ComprÃ© pan de dulce ğŸ˜‹ agarrÃ© uno para ti,0,13/03/25,15:33,PapÃ¡,
Estoy viendo el partido âš½ luego te cuento cÃ³mo va,0,08/02/25,14:19,PapÃ¡,
Tu abuelita me pidiÃ³ que te salude ğŸ¤—,0,16/03/25,11:34,PapÃ¡,
Â¿Tienes pilas para el control? ğŸ”‹,0,23/03/25,17:39,PapÃ¡,
El clima estÃ¡ raro hoy ğŸŒ¥ï¸ no olvides chamarra,0,22/02/25,11:52,PapÃ¡,
Le movÃ­ a la tele sin querer ğŸ˜… ya la dejÃ© como estaba,0,08/02/25,7:42,PapÃ¡,
Â¿Vamos por unos tacos al rato? ğŸŒ®,0,23/01/25,15:36,PapÃ¡,
Vi una herramienta buena en oferta ğŸ› ï¸ la compro?,0,09/02/25,18:07,PapÃ¡,
GuardÃ© tus cosas en el cajÃ³n de siempre ğŸ“¦,0,15/03/25,10:37,PapÃ¡,
Â¿Te enseÃ±o a cambiar la llanta este fin? ğŸ›,0,08/01/25,14:09,PapÃ¡,
Estoy arreglando la bici ğŸš² quedÃ³ casi lista,0,15/03/25,8:02,PapÃ¡,
Fui al centro y estaba llenÃ­simo ğŸ˜®,0,14/03/25,13:17,PapÃ¡,
Ya puse los frijoles a cocer ğŸ«˜,0,12/01/25,11:25,PapÃ¡,
Â¿Quieres que prepare carne asada el domingo? ğŸ”¥,0,28/03/25,14:26,PapÃ¡,
Me encontrÃ© unas fotos viejas ğŸ˜„ quÃ© tiempos,0,19/03/25,16:39,PapÃ¡,
Te guardÃ© el Ãºltimo pedazo de pastel ğŸ°,0,15/01/25,16:20,PapÃ¡,
Ya hice el pago del agua ğŸ’§,0,17/02/25,13:15,PapÃ¡,
Le echÃ© aire a las llantas de tu bici ğŸš´,0,25/01/25,18:20,PapÃ¡,
Tu mamÃ¡ me pidiÃ³ que no olvide las verduras ğŸ¥¦,0,08/02/25,8:43,PapÃ¡,
Puse tu mochila en el carro ğŸ’,0,14/03/25,17:59,PapÃ¡,
La cafetera ya estÃ¡ lista â˜•,0,14/02/25,11:36,PapÃ¡,
Â¿Nos echamos una peli de acciÃ³n hoy? ğŸ¬,0,19/02/25,13:26,PapÃ¡,
"Ando en el taller, me van a revisar el carro ğŸ”§",0,24/01/25,14:54,PapÃ¡,
Te dejÃ© el control del portÃ³n en tu bolsa ğŸ®,0,18/02/25,11:27,PapÃ¡,
Estoy en la sala por si necesitas algo ğŸ“º,0,04/03/25,17:01,PapÃ¡,
Hijita ğŸ˜Ÿ no encuentro mis lentes y tengo que salir ya ğŸ•¶ï¸,1,24/01/25,10:37,MamÃ¡,
Se fue la luz en la cocina âš¡ y no prende el refri ğŸ˜Ÿ,1,06/02/25,8:52,MamÃ¡,
La estufa hace un ruido raro ğŸ˜§ no quiero moverle por si es peligroso,1,11/01/25,10:23,MamÃ¡,
Me caÃ­ tantito ğŸ˜£ estoy bien pero me duele la rodilla,1,23/02/25,8:05,MamÃ¡,
Â¿Puedes marcarme? Estoy preocupada ğŸ˜•,1,13/02/25,9:36,MamÃ¡,
No encuentro el recibo del gas ğŸ˜© y hoy vence,1,04/01/25,15:02,MamÃ¡,
El perrito se escapÃ³ ğŸ˜° ya lo estoy buscando pero no lo veo,1,30/03/25,9:17,MamÃ¡,
"Tu tÃ­a estÃ¡ en el hospital, voy para allÃ¡ ğŸ¥",1,20/03/25,8:46,MamÃ¡,
Â¿DÃ³nde dejaste el botiquÃ­n? ğŸ˜¥ necesito una curita,1,27/01/25,12:48,MamÃ¡,
EstÃ¡ goteando el lavabo ğŸ˜« ya puse una cubeta pero es mucha agua,1,14/02/25,13:44,MamÃ¡,
Ya te dejÃ© comida lista en el refri ğŸ²,0,01/01/25,16:53,MamÃ¡,
TÃ¡pate bien hoy que va a hacer frÃ­o ğŸ§£,0,02/02/25,13:23,MamÃ¡,
"Vi tus plantitas secas, ya las reguÃ© ğŸŒ¿",0,14/03/25,9:36,MamÃ¡,
Te dejÃ© tu suÃ©ter doblado en la cama ğŸ§¥,0,15/03/25,11:47,MamÃ¡,
Â¿A quÃ© hora llegas hoy? â°,0,20/02/25,16:42,MamÃ¡,
Te traje pan del que te gusta ğŸ¥,0,10/02/25,12:30,MamÃ¡,
"Puse lavadora, no vayas a abrirla todavÃ­a ğŸš¿",0,01/01/25,7:31,MamÃ¡,
Vi un video que me recordÃ³ a ti ğŸ¥¹ te lo mando,0,25/02/25,14:23,MamÃ¡,
Â¿Quieres que te planche tu blusa blanca? ğŸ‘š,0,06/01/25,11:00,MamÃ¡,
Te guardÃ© un tamal ğŸ˜‹,0,06/01/25,8:50,MamÃ¡,
Estoy viendo la novela ğŸ˜… ya mero se acaba,0,18/03/25,8:09,MamÃ¡,
El perrito se quedÃ³ dormido en tu cuarto ğŸ¶,0,16/03/25,12:13,MamÃ¡,
Â¿Te ayudo a ordenar tus cosas el domingo? ğŸ“¦,0,26/03/25,9:48,MamÃ¡,
Voy a limpiar los vidrios hoy ğŸªŸ,0,14/02/25,11:34,MamÃ¡,
Â¿Quieres que prepare arroz o pasta para maÃ±ana? ğŸ,0,23/03/25,14:54,MamÃ¡,
Ya puse agua en tu botella ğŸ’§ estÃ¡ en la mesa,0,17/01/25,7:04,MamÃ¡,
"Vi tus zapatos sucios, los limpiÃ© un poquito ğŸ‘Ÿ",0,17/02/25,10:02,MamÃ¡,
Estoy haciendo arroz con leche ğŸ¥£ te guardo?,0,10/01/25,10:09,MamÃ¡,
Hoy soÃ±Ã© contigo ğŸ˜Š estabas chiquita jeje,0,01/03/25,18:06,MamÃ¡,
Tu papÃ¡ dejÃ³ las llaves en la puerta ğŸ™„ otra vez jaja,0,04/01/25,17:02,MamÃ¡,
"Fui al sÃºper, traje varias cosas ğŸğŸ¥¦ğŸ§»",0,16/03/25,14:44,MamÃ¡,
DejÃ© una notita en tu bolsa ğŸ’Œ,0,10/01/25,15:26,MamÃ¡,
Te mandÃ© una cadena jeje lee hasta el final ğŸ™ˆ,0,15/02/25,9:57,MamÃ¡,
ComprÃ© queso del que te gusta ğŸ§€,0,17/02/25,9:27,MamÃ¡,
"La vecina me dio pan de elote, estÃ¡ rico ğŸ°",0,24/03/25,16:20,MamÃ¡,
Ya puse la olla para los frijoles ğŸ«˜,0,30/03/25,13:23,MamÃ¡,
Tu tÃ­a preguntÃ³ por ti ğŸ’¬ le dije que estÃ¡s bien,0,11/03/25,18:52,MamÃ¡,
"Pasa por mÃ­ si puedes ğŸ™ pero si no, me voy en taxi",0,04/01/25,10:48,MamÃ¡,
Â¿Vamos a ver una peli hoy? ğŸ¥,0,09/01/25,13:15,MamÃ¡,
Ya puse las toallas limpias en el baÃ±o ğŸ›,0,08/03/25,12:35,MamÃ¡,
Se cayÃ³ el internet justo cuando tengo junta ğŸ˜© Â¿sabes quÃ© onda?,1,19/02/25,10:45,MamÃ¡,
"No puedo abrir la cochera ğŸ˜« se fue la luz, Â¿me ayudas?",1,17/02/25,10:15,MamÃ¡,
"Se estÃ¡ metiendo el agua ğŸ˜° si puedes, trae toallas plis",1,10/03/25,14:00,MamÃ¡,
OlvidÃ© las llaves ğŸ˜© Â¿me traes las tuyas?,1,21/01/25,8:15,MamÃ¡,
Estoy en el trÃ¡ficooo ğŸš— voy a llegar tarde ğŸ˜“,1,20/02/25,22:45,MamÃ¡,
Tu hermana no contesta ğŸ˜Ÿ ya me preocupÃ©,1,07/02/25,8:30,MamÃ¡,
Me siento medio mal ğŸ˜” Â¿puedes porfa venir un rato?,1,11/01/25,10:45,MamÃ¡,
Estoy afuera sin llaves ğŸ˜“ Â¿vienes?,1,05/02/25,9:30,MamÃ¡,
Otra vez se fue la luz y no abre la cochera ğŸ˜¤ Â¿puedes porfa venir?,1,07/02/25,13:00,MamÃ¡,
Â¿Puedes recoger a tu hermana? ğŸ˜µâ€ğŸ’« no salÃ­ a tiempo del trabajo,1,04/03/25,21:45,MamÃ¡,
Estoy en urgencias ğŸ˜¢ avÃ­sale a tu papÃ¡ por fa,1,28/03/25,18:00,MamÃ¡,
Â¿Tienes chance de llamarme? â˜ï¸ es algo importante,1,14/02/25,20:00,MamÃ¡,
La vecina dice que escuchÃ³ ruidos raros ğŸ˜¨ en la casa,1,07/01/25,15:00,MamÃ¡,
Â¿Viste lo del partido ayer? ğŸ˜±,0,24/03/25,9:15,MamÃ¡,
Ando viendo cosas para vacas ğŸŒ´ luego te enseÃ±o,0,18/02/25,8:45,MamÃ¡,
Te dejÃ© galletitas ğŸª en la cocina,0,08/03/25,12:00,MamÃ¡,
Te mandÃ© una receta bien rica ğŸ˜‹,0,07/02/25,9:30,MamÃ¡,
Â¿Quieres que te prepare algo maÃ±ana? ğŸ³ avÃ­same,0,10/02/25,13:45,MamÃ¡,
AcuÃ©rdate de las plantas ğŸŒ¿ el sÃ¡bado,0,02/02/25,20:00,MamÃ¡,
Â¿Tienes plan el viernes? Podemos cenar ğŸ½ï¸,0,25/03/25,16:45,MamÃ¡,
Â¿CÃ³mo te fue en la presentaciÃ³n? ğŸ¤,0,13/03/25,19:00,MamÃ¡,
"Cuando tengas chance, mÃ¡ndame esas fotos ğŸ“¸",0,14/01/25,18:15,MamÃ¡,
Â¿Quieres que te cocine algo rico maÃ±ana? ğŸ˜‹ avÃ­same,0,02/03/25,9:00,MamÃ¡,
Vi una promo que te puede servir ğŸ’³,0,23/01/25,10:00,MamÃ¡,
No olvides las plantas ğŸŒ± el sÃ¡bado,0,01/01/25,13:00,MamÃ¡,
Â¿Te preparo algo maÃ±ana? ğŸ² dime si sÃ­,0,24/01/25,21:15,MamÃ¡,
LlÃ¡mame cuando puedas ğŸ“ es urgente,1,27/03/25,9:39,MamÃ¡,
Â¿Tienes el nÃºmero del doctor? ğŸ˜Ÿ lo necesito ya,1,11/03/25,9:39,MamÃ¡,
Creo que dejÃ© mi cartera en tu coche ğŸ˜¬ Â¿la checas?,1,01/03/25,9:39,MamÃ¡,
La app del banco dice que movieron dinero raro ğŸ˜Ÿ,1,05/03/25,9:39,MamÃ¡,
Â¿QuÃ© vas a hacer el finde? ğŸ‰,0,25/02/25,9:39,MamÃ¡,
Â¿TÃº sabes hacer arroz rojo? ğŸš el mÃ­o no queda nunca ğŸ˜©,0,18/03/25,9:39,MamÃ¡,
EstÃ¡ entrando agua por la puerta ğŸ˜± Â¡es un charco!,1,25/02/25,9:39,MamÃ¡,
Â¡Ay no! ğŸ˜° alguien estÃ¡ teniendo un paro cardÃ­aco,1,15/03/25,9:39,MamÃ¡,
Hay patrullas afuera ğŸš“ no sÃ© quÃ© pasÃ³,1,04/03/25,9:39,MamÃ¡,
El bebÃ© no respira bien ğŸ˜¢ estoy muy preocupada,1,03/03/25,9:39,MamÃ¡,
EstÃ¡ tronando horrible ğŸ˜£ y se fue la luz,1,22/03/25,9:39,MamÃ¡,
El generador no enciende ğŸ˜¤ Â¿quÃ© hago?,1,02/03/25,9:39,MamÃ¡,
Estoy viendo una bronca aquÃ­ en la calle ğŸ˜Ÿ,1,25/02/25,9:39,MamÃ¡,
Hoy no tengo tantas cosas que hacer ğŸ§˜,0,03/03/25,9:39,MamÃ¡,
Â¿Te gusta este diseÃ±o? âœï¸ estÃ¡ simple pero bonito,0,27/02/25,9:39,MamÃ¡,
DÃ­a tranquilito hoy ğŸ˜Œ no hay mucho que hacer,0,08/03/25,9:39,MamÃ¡,
Estoy actualizando mi CV ğŸ–¥ï¸ Â¿me ayudas a revisar?,0,11/03/25,9:39,MamÃ¡,
Â¿DÃ³nde andas? ğŸ™ƒ necesito platicar contigo,1,22/03/25,20:20,MamÃ¡,
Hice tu comidita favoritaaa ğŸ˜ ven a comer,0,23/03/25,10:24,MamÃ¡,
No encuentro mis llaves ğŸ”‘ y ya me tengo que ir ğŸ˜£,1,22/03/25,13:58,MamÃ¡,
Te pasÃ© una receta buenÃ­sima por face ğŸ˜‹,0,25/03/25,9:00,MamÃ¡,
"Amor ğŸ˜° se me quedÃ³ el carro, Â¿puedes porfa venir por mÃ­?",1,01/01/25,9:39,Pareja,
"Me siento fatal ğŸ¤’ creo que me dio fiebre, Â¿me echas la mano y traer medicina?",1,08/03/25,16:12,Pareja,
No encuentro mi cartera ğŸ˜© creo que la dejÃ© en tu depa,1,04/03/25,14:46,Pareja,
"Me acaban de hablar del trabajo, pasÃ³ algo urgente ğŸ˜Ÿ",1,12/02/25,14:41,Pareja,
Estoy afuera y olvidÃ© las llaves ğŸ˜… Â¿me abres?,1,13/02/25,16:42,Pareja,
Â¿Puedes llamarme? Es urgente ğŸ˜¬,1,15/03/25,14:02,Pareja,
Se fue la luz en el edificio y no puedo salir ğŸ˜«,1,16/02/25,18:53,Pareja,
"Amor, creo que me equivoquÃ© al transferir ğŸ’¸ necesito ayuda",1,02/03/25,9:00,Pareja,
No prende mi coche ğŸ˜¤ Â¿puedes porfa venir con los cables?,1,09/01/25,15:43,Pareja,
Estoy en la fila del banco y olvidÃ© el papel ğŸ˜­ me lo mandas?,1,05/03/25,12:15,Pareja,
Buenos dÃ­as mi vida â˜€ï¸ que tengas un dÃ­a increÃ­ble ğŸ’–,0,24/03/25,15:46,Pareja,
Te dejÃ© un chocolatito en tu bolsa ğŸ«,0,04/03/25,16:20,Pareja,
Â¿Vamos al cine hoy? ğŸ¬,0,06/02/25,8:44,Pareja,
Estaba escuchando nuestra canciÃ³n ğŸ¶ y me acordÃ© de ti ğŸ˜,0,28/01/25,9:45,Pareja,
Ya quiero verte ğŸ’•,0,02/03/25,12:45,Pareja,
Â¿Te llevo algo de comer? ğŸ”,0,03/01/25,11:40,Pareja,
Hoy soÃ±Ã© contigo ğŸ’¤ y fue hermoso,0,09/01/25,7:58,Pareja,
"Â¿CÃ³mo te va hoy, mi amor? ğŸ˜Š",0,01/01/25,10:17,Pareja,
Estoy viendo una serie que te gustarÃ­a ğŸ“º,0,21/03/25,9:08,Pareja,
Â¿Vamos por un cafecito en la tarde? â˜•,0,03/03/25,11:36,Pareja,
Te extraÃ±ooo ğŸ¥º,0,27/01/25,18:09,Pareja,
Â¿A quÃ© hora sales hoy? â°,0,06/01/25,18:33,Pareja,
Mira este meme ğŸ˜‚ me recordÃ³ a ti,0,05/01/25,8:34,Pareja,
"Estoy cocinando, a ver si me sale rico ğŸ˜…",0,26/03/25,13:19,Pareja,
ComprÃ© helado ğŸ¦ Â¿quieres que te guarde?,0,15/02/25,14:22,Pareja,
Â¿Quieres que pasemos por tus antojos hoy? ğŸ˜‹,0,20/02/25,7:17,Pareja,
Tengo ganas de abrazarte fuerte ğŸ’,0,26/03/25,8:48,Pareja,
Vi un perrito igualito al tuyo ğŸ¶,0,02/01/25,12:47,Pareja,
Tu sudadera todavÃ­a huele a ti ğŸ˜,0,13/02/25,12:53,Pareja,
Â¿Puedo llamarte en un ratito? â˜ï¸,0,10/01/25,13:15,Pareja,
Hoy toca peli y cobijita ğŸ›‹ï¸,0,24/03/25,14:37,Pareja,
Me encantÃ³ el mensajito que me dejaste ğŸ’Œ,0,28/01/25,7:20,Pareja,
Â¿CÃ³mo te fue en tu clase? ğŸ“š,0,21/01/25,9:05,Pareja,
Mi mamÃ¡ preguntÃ³ por ti ğŸ˜„,0,28/03/25,11:02,Pareja,
Te guardÃ© la Ãºltima rebanada de pizza ğŸ•,0,27/03/25,16:37,Pareja,
Hoy ando romanticÃ³n jeje ğŸ’˜,0,01/03/25,8:06,Pareja,
Ya puse mÃºsica para relajarme ğŸ§,0,07/03/25,18:22,Pareja,
Â¿QuÃ© tal tu dÃ­a? CuÃ©ntame todo ğŸ’¬,0,22/03/25,13:11,Pareja,
Â¿Hacemos plan para el finde? ğŸ—“ï¸,0,29/01/25,11:51,Pareja,
Tqm muchÃ­simo ğŸ˜˜ sÃ³lo querÃ­a decirte eso,0,05/01/25,16:44,Pareja,
Oye ğŸ˜° Â¿puedes porfa marcarme? Es urgente,1,26/02/25,13:49,Clau,
Me dejaron plantado en el centro ğŸ˜© Â¿puedes porfa venir?,1,11/02/25,18:12,Vale,
PerdÃ­ mis llaves ğŸ˜­ Â¿las dejÃ© en tu casa?,1,14/03/25,16:03,Daniela,
No prende mi carro ğŸ˜¤ Â¿tÃº tienes cables?,1,05/01/25,17:33,Sofi,
Me siento super mal ğŸ˜“ creo que me dio un bajÃ³n de azÃºcar,1,01/03/25,14:55,Andrea,
Tengo un problema con la renta ğŸ˜£ Â¿puedes porfa prestarme un rato?,1,18/03/25,10:19,Andrea,
Me cancelaron el Uber y ya estoy bien lejos ğŸ˜¢,1,07/01/25,10:33,Vale,
Se me olvidÃ³ la tarea ğŸ“ del proyecto ğŸ˜± Â¿me la mandas?,1,17/02/25,7:32,Andrea,
OlvidÃ© mi cartera en tu coche ğŸ˜«,1,20/03/25,9:19,Luis,
Estoy afuera de tu depa y no contestas ğŸ˜¬,1,26/02/25,11:23,IvÃ¡n,
Se me rompiÃ³ el cel y no tengo cÃ³mo avisar ğŸ˜¤,1,13/02/25,9:36,Vale,
No encuentro a mi perro ğŸ˜¢ ya busquÃ© por todos lados,1,27/02/25,18:00,Fer,
Â¡PasÃ³ algo feo en casa! ğŸ˜¨ Â¿puedes porfa venir?,1,15/01/25,12:05,Marco,
Me cortaron la luz ğŸ˜ Â¿me echas la mano y ayudar con algo?,1,07/02/25,13:29,Daniela,
Estoy atrapado en el elevador ğŸ˜³ ya llamÃ© pero tarda,1,29/01/25,11:29,Diego,
Me robaron el cel ğŸ˜” Â¿puedes porfa avisar a mis papÃ¡s?,1,02/02/25,9:35,Sofi,
"Tuve un choque leve ğŸ˜Ÿ pero estoy bien, solo asustado",1,16/03/25,15:26,Daniela,
Â¿Puedes recogerme? No me siento seguro aquÃ­ ğŸ˜°,1,28/03/25,18:17,Clau,
Mi compu no prende y tengo entrega ğŸ˜¬ hoy ğŸ˜«,1,15/03/25,8:36,Sofi,
Â¡Me equivoquÃ© de salÃ³n! ğŸ˜­ Â¿me mandas la ubicaciÃ³n?,1,25/03/25,12:15,Sofi,
PerdÃ­ mi credencial ğŸ˜¢ Â¿la viste por ahÃ­?,1,03/02/25,13:34,Andrea,
Mi vuelo se adelantÃ³ sin avisar ğŸ˜µ y no tengo cÃ³mo moverme ğŸ˜©,1,12/03/25,7:56,Fer,
Â¿TÃº tienes el nÃºmero del profe ğŸ™„? Es urgente ğŸ˜¬,1,23/01/25,10:16,Rafa,
Se fue la luz justo ahora ğŸ˜­ y tengo junta,1,11/03/25,7:07,Rafa,
Se me olvidÃ³ que hoy era el examen ğŸ˜± Â¿a quÃ© hora era?,1,15/01/25,16:29,Fer,
Tuve una discusiÃ³n fuerte ğŸ˜” Â¿puedes porfa hablar?,1,12/02/25,8:01,Luis,
Mi hermana estÃ¡ en el hospital ğŸ˜¥ estoy saliendo para allÃ¡,1,20/03/25,10:51,Majo,
La compu se apagÃ³ y no guardÃ© ğŸ˜­,1,05/02/25,13:10,Brenda,
No puedo entrar al sistema ğŸ˜« Â¿te pasa igual?,1,31/03/25,12:00,Yare,
Mi mamÃ¡ se desmayÃ³ ğŸ˜¢ ya voy para el hospital,1,15/03/25,13:18,Paola,
Â¿Vamos por un cafÃ© hoy? â˜•,0,21/01/25,16:41,Ana,
"Vi una serie buenÃ­sima, te la voy a pasar ğŸ¬",0,09/01/25,16:18,Vale,
Â¿Te pasas la receta que hiciste el otro dÃ­a? ğŸ˜‹,0,15/03/25,11:28,Brenda,
ExtraÃ±o nuestras plÃ¡ticas largas ğŸ«¶,0,05/01/25,14:18,Clau,
Â¿QuÃ© planes para el finde? ğŸ—“ï¸,0,07/03/25,17:07,Jorge,
Vi una blusa igualita a la tuya jeje ğŸ‘š,0,06/01/25,17:08,IvÃ¡n,
Me encontrÃ© una foto vieja tuya ğŸ˜„,0,03/03/25,13:40,Luis,
Â¿Te acuerdas de la fiesta de Ana? QuÃ© risa ğŸ˜‚,0,11/01/25,10:38,Fer,
Vamos al tianguis el domingo? ğŸ›ï¸,0,02/03/25,14:59,IvÃ¡n,
Ando antojado de algo dulce ğŸ˜…,0,02/03/25,17:58,Luis,
Te traje pan ğŸ˜‹ lo dejÃ© en tu escritorio,0,28/02/25,8:22,Rafa,
Â¿Quieres ver pelis hoy? ğŸ¿,0,17/02/25,10:28,Rafa,
Adivina a quiÃ©n vi hoy en el sÃºper ğŸ‘€,0,21/01/25,18:32,Diego,
Ya saliÃ³ el nuevo episodio! ğŸ˜±,0,28/02/25,12:30,Luis,
Vi un meme y me recordÃ³ a ti ğŸ˜‚,0,16/03/25,17:47,Leo,
Â¿Tienes clases maÃ±ana? ğŸ¤“,0,08/02/25,18:36,Daniela,
Estoy aburridooo ğŸ™„,0,05/02/25,14:04,Luis,
Â¿Te paso por un cafÃ©? â˜•,0,30/01/25,17:09,Rafa,
Ya quiero vacaciones ğŸ˜©,0,01/01/25,17:03,Diego,
Estoy viendo tiktoks y pensÃ© en ti ğŸ˜†,0,13/01/25,15:28,Marco,
"Hoy cocinÃ© rico, te guardÃ© ğŸ¥˜",0,13/02/25,10:04,Brenda,
Â¿Vamos a caminar un rato? ğŸš¶,0,11/03/25,11:01,Paola,
La prÃ³xima semana tengo libre ğŸ‰,0,07/03/25,9:47,Majo,
Â¿Vas a venir al cumple de Sofi? ğŸ‚,0,29/01/25,15:27,Ana,
Ya se siente el calor ğŸ˜,0,02/01/25,14:26,Diego,
Ando en modo limpieza ğŸ§¼ Â¿te pasa a veces?,0,18/03/25,16:45,Jorge,
PasÃ© por tu casa y te vi desde la ventana ğŸ‘‹,0,13/03/25,10:41,Ana,
Â¿Tienes el cargador tipo C? ğŸ™ƒ,0,21/02/25,9:54,Andrea,
Te dejÃ© un mensaje en insta ğŸ’¬,0,27/01/25,14:22,Fabi,
Â¿Quieres que te acompaÃ±e maÃ±ana? ğŸ«¶,0,13/01/25,7:44,Paola,
SoÃ±Ã© contigo jaja nada raro ğŸ˜…,0,16/03/25,8:11,Andrea,
"Vi tu post, quÃ© bonito te quedÃ³ ğŸ¥¹",0,31/03/25,12:57,Rafa,
Ando de buenas hoy ğŸ˜„,0,13/02/25,9:23,Ana,
Â¿Jugamos algo en lÃ­nea hoy? ğŸ®,0,11/02/25,18:42,Fer,
Estoy viendo si me cambio de look ğŸ’‡,0,03/01/25,11:52,Vale,
"Se me antojÃ³ sushi, Â¿vas? ğŸ£",0,16/01/25,7:44,Daniela,
Â¿Ya hiciste la tarea ğŸ“ del profe ğŸ™„? ğŸ˜¬,0,22/03/25,8:56,Luis,
Hoy quiero hacer nada jaja ğŸ˜´,0,18/02/25,14:10,Daniela,
Ya me hartÃ© de Zoom ğŸ˜‘,0,15/03/25,16:15,Daniela,
Â¿TÃº tambiÃ©n andas sin ganas hoy? ğŸ˜¶,0,16/01/25,15:04,Fer,
Estoy procrastinando jeje ğŸ¤­,0,10/01/25,8:15,Fabi,
Quiero un perrito ğŸ¶,0,14/03/25,10:39,Leo,
Â¿CÃ³mo vas con el gym? ğŸ‹ï¸,0,10/03/25,15:41,Clau,
Se me olvidÃ³ quÃ© te iba a decir jaja ğŸ¤¦,0,11/03/25,17:23,Marco,
Â¿Ya viste el clima de maÃ±ana? ğŸŒ¦ï¸,0,15/03/25,10:17,Vale,
Estoy pensando en renunciar ğŸ˜¬,0,28/01/25,13:10,Vale,
PasÃ© por tu escuela hoy!,0,18/03/25,16:47,Paola,
Ya falta menos para las vacaciones ğŸŒ´,0,03/03/25,17:17,Marco,
Â¿Te acuerdas de Fabi? Me escribiÃ³ hoy ğŸ“±,0,05/03/25,16:35,Sofi,
Hoy cocinÃ© y no quemÃ© nada ğŸ˜…,0,16/02/25,10:43,Leo,
Â¿Vas a salir en semana santa?,0,03/02/25,7:57,Brenda,
Ando de antojo todo el dÃ­a ğŸ™ƒ,0,19/03/25,12:30,Leo,
Mira este videoo ğŸ˜‚,0,25/02/25,13:33,Vale,
Te quiero un buen ğŸ’–,0,16/03/25,7:38,IvÃ¡n,
Â¿Te marco en la tarde?,0,14/01/25,11:33,Paola,
Hoy ando zen ğŸ§˜,0,26/03/25,18:59,Andrea,
Ya casi es viernes! ğŸ™Œ,0,07/03/25,11:11,Clau,
Â¿Quieres ir por pizza luego? ğŸ•,0,28/03/25,17:24,Carlos,
Vi una frase que me encantÃ³ ğŸ“,0,18/02/25,18:58,Leo,
"Estoy armando playlist, Â¿me mandas canciones? ğŸ¶",0,13/02/25,16:29,Rafa,
Â¿QuÃ© libro estÃ¡s leyendo ahora?,0,05/02/25,18:36,Fabi,
Vi una chamarra muy tÃº ğŸ§¥,0,25/02/25,15:22,IvÃ¡n,
Â¿Nos vemos para ponernos al dÃ­a?,0,07/01/25,14:41,Jorge,
